{
  "ABW": [
    -69.96666666,
    12.5
  ],
  "AFG": [
    65,
    33
  ],
  "AGO": [
    18.5,
    -12.5
  ],
  "AIA": [
    -63.16666666,
    18.25
  ],
  "ALA": [
    19.9,
    60.116667
  ],
  "ALB": [
    20,
    41
  ],
  "AND": [
    1.5,
    42.5
  ],
  "ARE": [
    54,
    24
  ],
  "ARG": [
    -64,
    -34
  ],
  "ARM": [
    45,
    40
  ],
  "ASM": [
    -170,
    -14.33333333
  ],
  "ATA": [
    0,
    -90
  ],
  "ATF": [
    69.167,
    -49.25
  ],
  "ATG": [
    -61.8,
    17.05
  ],
  "AUS": [
    133,
    -27
  ],
  "AUT": [
    13.33333333,
    47.33333333
  ],
  "AZE": [
    47.5,
    40.5
  ],
  "BDI": [
    30,
    -3.5
  ],
  "BEL": [
    4,
    50.83333333
  ],
  "BEN": [
    2.25,
    9.5
  ],
  "BFA": [
    -2,
    13
  ],
  "BGD": [
    90,
    24
  ],
  "BGR": [
    25,
    43
  ],
  "BHR": [
    50.55,
    26
  ],
  "BHS": [
    -76,
    24.25
  ],
  "BIH": [
    18,
    44
  ],
  "BLM": [
    -63.41666666,
    18.5
  ],
  "SHN": [
    -5.72,
    -15.95
  ],
  "BLR": [
    28,
    53
  ],
  "BLZ": [
    -88.75,
    17.25
  ],
  "BMU": [
    -64.75,
    32.33333333
  ],
  "BOL": [
    -65,
    -17
  ],
  "BES": [
    -68.25,
    12.18
  ],
  "BRA": [
    -55,
    -10
  ],
  "BRB": [
    -59.53333333,
    13.16666666
  ],
  "BRN": [
    114.66666666,
    4.5
  ],
  "BTN": [
    90.5,
    27.5
  ],
  "BVT": [
    3.4,
    -54.43333333
  ],
  "BWA": [
    24,
    -22
  ],
  "CAF": [
    21,
    7
  ],
  "CAN": [
    -95,
    60
  ],
  "CCK": [
    96.83333333,
    -12.5
  ],
  "CHE": [
    8,
    47
  ],
  "CHL": [
    -71,
    -30
  ],
  "CHN": [
    105,
    35
  ],
  "CIV": [
    -5,
    8
  ],
  "CMR": [
    12,
    6
  ],
  "COD": [
    25,
    0
  ],
  "COG": [
    15,
    -1
  ],
  "COK": [
    -159.76666666,
    -21.23333333
  ],
  "COL": [
    -72,
    4
  ],
  "COM": [
    44.25,
    -12.16666666
  ],
  "CPV": [
    -24,
    16
  ],
  "CRI": [
    -84,
    10
  ],
  "CUB": [
    -80,
    21.5
  ],
  "CUW": [
    -68.933333,
    12.116667
  ],
  "CXR": [
    105.66666666,
    -10.5
  ],
  "CYM": [
    -80.5,
    19.5
  ],
  "CYP": [
    33,
    35
  ],
  "CZE": [
    15.5,
    49.75
  ],
  "DEU": [
    9,
    51
  ],
  "DJI": [
    43,
    11.5
  ],
  "DMA": [
    -61.33333333,
    15.41666666
  ],
  "DNK": [
    10,
    56
  ],
  "DOM": [
    -70.66666666,
    19
  ],
  "DZA": [
    3,
    28
  ],
  "ECU": [
    -77.5,
    -2
  ],
  "EGY": [
    30,
    27
  ],
  "ERI": [
    39,
    15
  ],
  "ESH": [
    -13,
    24.5
  ],
  "ESP": [
    -4,
    40
  ],
  "EST": [
    26,
    59
  ],
  "ETH": [
    38,
    8
  ],
  "FIN": [
    26,
    64
  ],
  "FJI": [
    175,
    -18
  ],
  "FLK": [
    -59,
    -51.75
  ],
  "FRA": [
    2,
    46
  ],
  "FRO": [
    -7,
    62
  ],
  "FSM": [
    158.25,
    6.91666666
  ],
  "GAB": [
    11.75,
    -1
  ],
  "GBR": [
    -2,
    54
  ],
  "GEO": [
    43.5,
    42
  ],
  "GGY": [
    -2.58333333,
    49.46666666
  ],
  "GHA": [
    -2,
    8
  ],
  "GIB": [
    -5.35,
    36.13333333
  ],
  "GIN": [
    -10,
    11
  ],
  "GLP": [
    -61.583333,
    16.25
  ],
  "GMB": [
    -16.56666666,
    13.46666666
  ],
  "GNB": [
    -15,
    12
  ],
  "GNQ": [
    10,
    2
  ],
  "GRC": [
    22,
    39
  ],
  "GRD": [
    -61.66666666,
    12.11666666
  ],
  "GRL": [
    -40,
    72
  ],
  "GTM": [
    -90.25,
    15.5
  ],
  "GUF": [
    -53,
    4
  ],
  "GUM": [
    144.78333333,
    13.46666666
  ],
  "GUY": [
    -59,
    5
  ],
  "HKG": [
    114.188,
    22.267
  ],
  "HMD": [
    72.51666666,
    -53.1
  ],
  "HND": [
    -86.5,
    15
  ],
  "HRV": [
    15.5,
    45.16666666
  ],
  "HTI": [
    -72.41666666,
    19
  ],
  "HUN": [
    20,
    47
  ],
  "IDN": [
    120,
    -5
  ],
  "IMN": [
    -4.5,
    54.25
  ],
  "IND": [
    77,
    20
  ],
  "IOT": [
    71.5,
    -6
  ],
  "IRL": [
    -8,
    53
  ],
  "IRN": [
    53,
    32
  ],
  "IRQ": [
    44,
    33
  ],
  "ISL": [
    -18,
    65
  ],
  "ISR": [
    35.13,
    31.47
  ],
  "ITA": [
    12.83333333,
    42.83333333
  ],
  "JAM": [
    -77.5,
    18.25
  ],
  "JEY": [
    -2.16666666,
    49.25
  ],
  "JOR": [
    36,
    31
  ],
  "JPN": [
    138,
    36
  ],
  "KAZ": [
    68,
    48
  ],
  "KEN": [
    38,
    1
  ],
  "KGZ": [
    75,
    41
  ],
  "KHM": [
    105,
    13
  ],
  "KIR": [
    173,
    1.41666666
  ],
  "KNA": [
    -62.75,
    17.33333333
  ],
  "KOR": [
    127.5,
    37
  ],
  "UNK": [
    21.166667,
    42.666667
  ],
  "KWT": [
    45.75,
    29.5
  ],
  "LAO": [
    105,
    18
  ],
  "LBN": [
    35.83333333,
    33.83333333
  ],
  "LBR": [
    -9.5,
    6.5
  ],
  "LBY": [
    17,
    25
  ],
  "LCA": [
    -60.96666666,
    13.88333333
  ],
  "LIE": [
    9.53333333,
    47.26666666
  ],
  "LKA": [
    81,
    7
  ],
  "LSO": [
    28.5,
    -29.5
  ],
  "LTU": [
    24,
    56
  ],
  "LUX": [
    6.16666666,
    49.75
  ],
  "LVA": [
    25,
    57
  ],
  "MAC": [
    113.55,
    22.16666666
  ],
  "MAF": [
    -63.95,
    18.08333333
  ],
  "MAR": [
    -5,
    32
  ],
  "MCO": [
    7.4,
    43.73333333
  ],
  "MDA": [
    29,
    47
  ],
  "MDG": [
    47,
    -20
  ],
  "MDV": [
    73,
    3.25
  ],
  "MEX": [
    -102,
    23
  ],
  "MHL": [
    168,
    9
  ],
  "MKD": [
    22,
    41.83333333
  ],
  "MLI": [
    -4,
    17
  ],
  "MLT": [
    14.58333333,
    35.83333333
  ],
  "MMR": [
    98,
    22
  ],
  "MNE": [
    19.3,
    42.5
  ],
  "MNG": [
    105,
    46
  ],
  "MNP": [
    145.75,
    15.2
  ],
  "MOZ": [
    35,
    -18.25
  ],
  "MRT": [
    -12,
    20
  ],
  "MSR": [
    -62.2,
    16.75
  ],
  "MTQ": [
    -61,
    14.666667
  ],
  "MUS": [
    57.55,
    -20.28333333
  ],
  "MWI": [
    34,
    -13.5
  ],
  "MYS": [
    112.5,
    2.5
  ],
  "MYT": [
    45.16666666,
    -12.83333333
  ],
  "NAM": [
    17,
    -22
  ],
  "NCL": [
    165.5,
    -21.5
  ],
  "NER": [
    8,
    16
  ],
  "NFK": [
    167.95,
    -29.03333333
  ],
  "NGA": [
    8,
    10
  ],
  "NIC": [
    -85,
    13
  ],
  "NIU": [
    -169.86666666,
    -19.03333333
  ],
  "NLD": [
    5.75,
    52.5
  ],
  "NOR": [
    10,
    62
  ],
  "NPL": [
    84,
    28
  ],
  "NRU": [
    166.91666666,
    -0.53333333
  ],
  "NZL": [
    174,
    -41
  ],
  "OMN": [
    57,
    21
  ],
  "PAK": [
    70,
    30
  ],
  "PAN": [
    -80,
    9
  ],
  "PCN": [
    -130.1,
    -25.06666666
  ],
  "PER": [
    -76,
    -10
  ],
  "PHL": [
    122,
    13
  ],
  "PLW": [
    134.5,
    7.5
  ],
  "PNG": [
    147,
    -6
  ],
  "POL": [
    20,
    52
  ],
  "PRI": [
    -66.5,
    18.25
  ],
  "PRK": [
    127,
    40
  ],
  "PRT": [
    -8,
    39.5
  ],
  "PRY": [
    -58,
    -23
  ],
  "PSE": [
    35.2,
    31.9
  ],
  "PYF": [
    -140,
    -15
  ],
  "QAT": [
    51.25,
    25.5
  ],
  "REU": [
    55.5,
    -21.15
  ],
  "ROU": [
    25,
    46
  ],
  "RUS": [
    100,
    60
  ],
  "RWA": [
    30,
    -2
  ],
  "SAU": [
    45,
    25
  ],
  "SDN": [
    30,
    15
  ],
  "SEN": [
    -14,
    14
  ],
  "SGP": [
    103.8,
    1.36666666
  ],
  "SGS": [
    -37,
    -54.5
  ],
  "SJM": [
    20,
    78
  ],
  "SLB": [
    159,
    -8
  ],
  "SLE": [
    -11.5,
    8.5
  ],
  "SLV": [
    -88.91666666,
    13.83333333
  ],
  "SMR": [
    12.41666666,
    43.76666666
  ],
  "SOM": [
    49,
    10
  ],
  "SPM": [
    -56.33333333,
    46.83333333
  ],
  "SRB": [
    21,
    44
  ],
  "SSD": [
    30,
    7
  ],
  "STP": [
    7,
    1
  ],
  "SUR": [
    -56,
    4
  ],
  "SVK": [
    19.5,
    48.66666666
  ],
  "SVN": [
    14.81666666,
    46.11666666
  ],
  "SWE": [
    15,
    62
  ],
  "SWZ": [
    31.5,
    -26.5
  ],
  "SXM": [
    -63.05,
    18.033333
  ],
  "SYC": [
    55.66666666,
    -4.58333333
  ],
  "SYR": [
    38,
    35
  ],
  "TCA": [
    -71.58333333,
    21.75
  ],
  "TCD": [
    19,
    15
  ],
  "TGO": [
    1.16666666,
    8
  ],
  "THA": [
    100,
    15
  ],
  "TJK": [
    71,
    39
  ],
  "TKL": [
    -172,
    -9
  ],